-- --------------------------------------------------------
-- Host:                         127.0.0.1
-- Server version:               10.1.37-MariaDB - mariadb.org binary distribution
-- Server OS:                    Win32
-- HeidiSQL Version:             10.1.0.5473
-- --------------------------------------------------------

/*!40101 SET @OLD_CHARACTER_SET_CLIENT=@@CHARACTER_SET_CLIENT */;
/*!40101 SET NAMES utf8 */;
/*!50503 SET NAMES utf8mb4 */;
/*!40014 SET @OLD_FOREIGN_KEY_CHECKS=@@FOREIGN_KEY_CHECKS, FOREIGN_KEY_CHECKS=0 */;
/*!40101 SET @OLD_SQL_MODE=@@SQL_MODE, SQL_MODE='NO_AUTO_VALUE_ON_ZERO' */;

-- Dumping structure for table tempah_tiket_wayang.admin
CREATE TABLE IF NOT EXISTS `admin` (
  `nokp_admin` varchar(12) NOT NULL,
  `nama_admin` varchar(60) DEFAULT NULL,
  `katalaluan_admin` varchar(30) DEFAULT NULL,
  PRIMARY KEY (`nokp_admin`)
) ENGINE=InnoDB DEFAULT CHARSET=latin1;

-- Dumping data for table tempah_tiket_wayang.admin: ~2 rows (approximately)
/*!40000 ALTER TABLE `admin` DISABLE KEYS */;
INSERT INTO `admin` (`nokp_admin`, `nama_admin`, `katalaluan_admin`) VALUES
	('123', 'admin', '123');
/*!40000 ALTER TABLE `admin` ENABLE KEYS */;

-- Dumping structure for table tempah_tiket_wayang.filem
CREATE TABLE IF NOT EXISTS `filem` (
  `id_filem` int(5) NOT NULL AUTO_INCREMENT,
  `nama_filem` varchar(50) DEFAULT NULL,
  `tarikh_mula` date DEFAULT NULL,
  `tarikh_tamat` date DEFAULT NULL,
  `gambar` varchar(50) DEFAULT NULL,
  `harga_dewasa` double(5,2) DEFAULT NULL,
  `harga_kanak` double(5,2) DEFAULT NULL,
  `kategori` varchar(10) DEFAULT NULL,
  PRIMARY KEY (`id_filem`)
) ENGINE=InnoDB AUTO_INCREMENT=17 DEFAULT CHARSET=latin1;

-- Dumping data for table tempah_tiket_wayang.filem: ~14 rows (approximately)
/*!40000 ALTER TABLE `filem` DISABLE KEYS */;
INSERT INTO `filem` (`id_filem`, `nama_filem`, `tarikh_mula`, `tarikh_tamat`, `gambar`, `harga_dewasa`, `harga_kanak`, `kategori`) VALUES
	(1, 'Doraemon: Nobita Chronicle of the Moon Exploration', '2019-11-01', '2020-10-26', 'm1.jpg', 15.00, 10.00, 'U'),
	(2, 'Rocketman', '2019-01-01', '2020-11-01', 'm2.jpg', 10.00, 5.00, 'U'),
	(3, 'Kingdom', '2019-01-01', '2020-11-01', 'm3.jpg', 15.00, 10.00, '18SG'),
	(4, 'The Lion King', '2019-01-01', '2020-11-01', 'm4.jpg', 15.00, 10.00, 'U'),
	(5, 'Spider-Man: Far From Home', '2019-01-01', '2020-11-01', 'm5.jpg', 15.00, 10.00, 'U'),
	(6, 'Godzilla: King of the Monsters', '2019-01-01', '2020-11-01', 'm6.jpg', 16.00, 10.00, '18SG'),
	(7, 'Aladdin', '2019-01-01', '2020-11-01', 'm7.jpg', 17.00, 10.00, 'U'),
	(8, 'Men in Black: International', '2019-01-01', '2020-11-01', 'm8.jpg', 18.00, 10.00, '13U'),
	(10, 'Super 30', '2019-01-01', '2020-11-01', 'm10.jpg', 15.00, 10.00, '15SG'),
	(11, 'Anna', '2019-01-01', '2020-11-01', 'm11.jpg', 15.00, 10.00, 'U'),
	(12, 'Dilan 1991', '2019-01-01', '2020-11-01', 'm12.jpg', 12.00, 10.00, 'U'),
	(13, 'Frozen 2 Sing-Along', '2019-11-01', '2020-11-01', 'm13.jpg', 15.00, 10.00, 'U'),
	(14, 'Sonic the Hedgehog', '2020-01-31', '2020-05-31', 'Sonic the Hedgehog2020-02-01.jpg', 15.00, 10.00, 'U'),
	(16, 'Crawl', '2020-01-31', '2020-03-31', 'Crawl2020-02-01.jpg', 12.00, 10.00, '18SG');
/*!40000 ALTER TABLE `filem` ENABLE KEYS */;

-- Dumping structure for table tempah_tiket_wayang.masa_tayangan
CREATE TABLE IF NOT EXISTS `masa_tayangan` (
  `id_masa` int(2) NOT NULL AUTO_INCREMENT,
  `masa` varchar(20) DEFAULT NULL,
  PRIMARY KEY (`id_masa`)
) ENGINE=InnoDB AUTO_INCREMENT=10 DEFAULT CHARSET=latin1;

-- Dumping data for table tempah_tiket_wayang.masa_tayangan: ~9 rows (approximately)
/*!40000 ALTER TABLE `masa_tayangan` DISABLE KEYS */;
INSERT INTO `masa_tayangan` (`id_masa`, `masa`) VALUES
	(1, '08.00 Pagi'),
	(2, '10.00 Pagi'),
	(3, '12.00 Tengah Hari'),
	(4, '02.00 Petang'),
	(5, '04.00 Petang'),
	(6, '06.00 Petang'),
	(7, '08.00 Malam'),
	(8, '10.00 Malam'),
	(9, '12.00 Tengah Malam');
/*!40000 ALTER TABLE `masa_tayangan` ENABLE KEYS */;

-- Dumping structure for table tempah_tiket_wayang.pawagam
CREATE TABLE IF NOT EXISTS `pawagam` (
  `id_pawagam` int(2) NOT NULL AUTO_INCREMENT,
  `nama_pawagam` varchar(10) DEFAULT NULL,
  `jenis` varchar(10) DEFAULT NULL,
  PRIMARY KEY (`id_pawagam`)
) ENGINE=InnoDB AUTO_INCREMENT=8 DEFAULT CHARSET=latin1;

-- Dumping data for table tempah_tiket_wayang.pawagam: ~7 rows (approximately)
/*!40000 ALTER TABLE `pawagam` DISABLE KEYS */;
INSERT INTO `pawagam` (`id_pawagam`, `nama_pawagam`, `jenis`) VALUES
	(1, 'A01', 'Biasa'),
	(2, 'A02', 'Biasa'),
	(3, 'A03', 'Biasa'),
	(4, 'F01', 'Keluarga'),
	(5, 'F02', 'Keluarga'),
	(6, 'G01', '4G'),
	(7, 'G02', '4G');
/*!40000 ALTER TABLE `pawagam` ENABLE KEYS */;

-- Dumping structure for table tempah_tiket_wayang.pelanggan
CREATE TABLE IF NOT EXISTS `pelanggan` (
  `nokp_pelanggan` varchar(12) NOT NULL,
  `nama_pelanggan` varchar(60) DEFAULT NULL,
  `notel_pelanggan` varchar(15) DEFAULT NULL,
  `katalaluan_pelanggan` varchar(30) DEFAULT NULL,
  PRIMARY KEY (`nokp_pelanggan`)
) ENGINE=InnoDB DEFAULT CHARSET=latin1;

-- Dumping data for table tempah_tiket_wayang.pelanggan: ~2 rows (approximately)
/*!40000 ALTER TABLE `pelanggan` DISABLE KEYS */;
INSERT INTO `pelanggan` (`nokp_pelanggan`, `nama_pelanggan`, `notel_pelanggan`, `katalaluan_pelanggan`) VALUES
	('123', 'amir mat ali', '0138897898', '123'),
	('123123123123', 'amira binti mat ali', '0134456567', '123');
/*!40000 ALTER TABLE `pelanggan` ENABLE KEYS */;

-- Dumping structure for table tempah_tiket_wayang.tayangan
CREATE TABLE IF NOT EXISTS `tayangan` (
  `id_tayangan` int(9) NOT NULL AUTO_INCREMENT,
  `id_pawagam` int(2) DEFAULT NULL,
  `id_masa` int(2) DEFAULT NULL,
  `id_filem` int(5) DEFAULT NULL,
  `tarikh` date DEFAULT NULL,
  PRIMARY KEY (`id_tayangan`),
  KEY `FK_tayangan_pawagam` (`id_pawagam`),
  KEY `FK_tayangan_masa_tayangan` (`id_masa`),
  KEY `FK_tayangan_filem` (`id_filem`),
  CONSTRAINT `FK_tayangan_filem` FOREIGN KEY (`id_filem`) REFERENCES `filem` (`id_filem`) ON DELETE CASCADE ON UPDATE CASCADE,
  CONSTRAINT `FK_tayangan_masa_tayangan` FOREIGN KEY (`id_masa`) REFERENCES `masa_tayangan` (`id_masa`) ON DELETE CASCADE ON UPDATE CASCADE,
  CONSTRAINT `FK_tayangan_pawagam` FOREIGN KEY (`id_pawagam`) REFERENCES `pawagam` (`id_pawagam`) ON DELETE CASCADE ON UPDATE CASCADE
) ENGINE=InnoDB AUTO_INCREMENT=2514 DEFAULT CHARSET=latin1;

-- Dumping data for table tempah_tiket_wayang.tayangan: ~583 rows (approximately)
/*!40000 ALTER TABLE `tayangan` DISABLE KEYS */;
INSERT INTO `tayangan` (`id_tayangan`, `id_pawagam`, `id_masa`, `id_filem`, `tarikh`) VALUES
	(4, 4, 1, 1, '2020-02-02'),
	(5, 5, 2, 1, '2020-02-01'),
	(6, 4, 1, 1, '2020-01-31'),
	(7, 4, 1, 1, '2020-01-31'),
	(8, 6, 1, 14, '2020-02-01'),
	(16, 1, 1, 14, '2020-02-02'),
	(17, 1, 2, 14, '2020-02-02'),
	(18, 1, 3, 14, '2020-02-02'),
	(19, 1, 5, 14, '2020-02-02'),
	(20, 1, 7, 14, '2020-02-02'),
	(21, 1, 9, 14, '2020-02-02'),
	(22, 1, 1, 5, '2020-02-01'),
	(23, 1, 2, 5, '2020-02-01'),
	(24, 1, 3, 5, '2020-02-01'),
	(25, 1, 4, 5, '2020-02-01'),
	(26, 1, 5, 5, '2020-02-01'),
	(27, 1, 6, 5, '2020-02-01'),
	(28, 1, 1, 16, '2020-02-05'),
	(29, 1, 1, 14, '2020-02-08'),
	(30, 1, 3, 14, '2020-02-08'),
	(31, 1, 5, 14, '2020-02-08'),
	(32, 1, 7, 14, '2020-02-08'),
	(33, 1, 9, 14, '2020-02-08'),
	(1954, 1, 1, 1, '2020-02-10'),
	(1955, 2, 2, 1, '2020-02-10'),
	(1956, 3, 3, 2, '2020-02-10'),
	(1957, 4, 4, 2, '2020-02-10'),
	(1958, 5, 5, 3, '2020-02-10'),
	(1959, 6, 6, 3, '2020-02-10'),
	(1960, 7, 7, 4, '2020-02-10'),
	(1961, 1, 8, 4, '2020-02-10'),
	(1962, 2, 9, 5, '2020-02-10'),
	(1963, 3, 1, 5, '2020-02-10'),
	(1964, 4, 2, 6, '2020-02-10'),
	(1965, 5, 3, 6, '2020-02-10'),
	(1966, 6, 4, 7, '2020-02-10'),
	(1967, 7, 5, 7, '2020-02-10'),
	(1968, 1, 6, 8, '2020-02-10'),
	(1969, 2, 7, 8, '2020-02-10'),
	(1970, 5, 1, 10, '2020-02-10'),
	(1971, 6, 2, 10, '2020-02-10'),
	(1972, 7, 3, 11, '2020-02-10'),
	(1973, 1, 4, 11, '2020-02-10'),
	(1974, 2, 5, 12, '2020-02-10'),
	(1975, 3, 6, 12, '2020-02-10'),
	(1976, 4, 7, 13, '2020-02-10'),
	(1977, 5, 8, 13, '2020-02-10'),
	(1978, 6, 9, 14, '2020-02-10'),
	(1979, 7, 1, 14, '2020-02-10'),
	(1980, 3, 4, 16, '2020-02-10'),
	(1981, 4, 5, 16, '2020-02-10'),
	(1982, 1, 1, 1, '2020-02-11'),
	(1983, 2, 2, 1, '2020-02-11'),
	(1984, 3, 3, 2, '2020-02-11'),
	(1985, 4, 4, 2, '2020-02-11'),
	(1986, 5, 5, 3, '2020-02-11'),
	(1987, 6, 6, 3, '2020-02-11'),
	(1988, 7, 7, 4, '2020-02-11'),
	(1989, 1, 8, 4, '2020-02-11'),
	(1990, 2, 9, 5, '2020-02-11'),
	(1991, 3, 1, 5, '2020-02-11'),
	(1992, 4, 2, 6, '2020-02-11'),
	(1993, 5, 3, 6, '2020-02-11'),
	(1994, 6, 4, 7, '2020-02-11'),
	(1995, 7, 5, 7, '2020-02-11'),
	(1996, 1, 6, 8, '2020-02-11'),
	(1997, 2, 7, 8, '2020-02-11'),
	(1998, 5, 1, 10, '2020-02-11'),
	(1999, 6, 2, 10, '2020-02-11'),
	(2000, 7, 3, 11, '2020-02-11'),
	(2001, 1, 4, 11, '2020-02-11'),
	(2002, 2, 5, 12, '2020-02-11'),
	(2003, 3, 6, 12, '2020-02-11'),
	(2004, 4, 7, 13, '2020-02-11'),
	(2005, 5, 8, 13, '2020-02-11'),
	(2006, 6, 9, 14, '2020-02-11'),
	(2007, 7, 1, 14, '2020-02-11'),
	(2008, 3, 4, 16, '2020-02-11'),
	(2009, 4, 5, 16, '2020-02-11'),
	(2010, 1, 1, 1, '2020-02-12'),
	(2011, 2, 2, 1, '2020-02-12'),
	(2012, 3, 3, 2, '2020-02-12'),
	(2013, 4, 4, 2, '2020-02-12'),
	(2014, 5, 5, 3, '2020-02-12'),
	(2015, 6, 6, 3, '2020-02-12'),
	(2016, 7, 7, 4, '2020-02-12'),
	(2017, 1, 8, 4, '2020-02-12'),
	(2018, 2, 9, 5, '2020-02-12'),
	(2019, 3, 1, 5, '2020-02-12'),
	(2020, 4, 2, 6, '2020-02-12'),
	(2021, 5, 3, 6, '2020-02-12'),
	(2022, 6, 4, 7, '2020-02-12'),
	(2023, 7, 5, 7, '2020-02-12'),
	(2024, 1, 6, 8, '2020-02-12'),
	(2025, 2, 7, 8, '2020-02-12'),
	(2026, 5, 1, 10, '2020-02-12'),
	(2027, 6, 2, 10, '2020-02-12'),
	(2028, 7, 3, 11, '2020-02-12'),
	(2029, 1, 4, 11, '2020-02-12'),
	(2030, 2, 5, 12, '2020-02-12'),
	(2031, 3, 6, 12, '2020-02-12'),
	(2032, 4, 7, 13, '2020-02-12'),
	(2033, 5, 8, 13, '2020-02-12'),
	(2034, 6, 9, 14, '2020-02-12'),
	(2035, 7, 1, 14, '2020-02-12'),
	(2036, 3, 4, 16, '2020-02-12'),
	(2037, 4, 5, 16, '2020-02-12'),
	(2038, 1, 1, 1, '2020-02-13'),
	(2039, 2, 2, 1, '2020-02-13'),
	(2040, 3, 3, 2, '2020-02-13'),
	(2041, 4, 4, 2, '2020-02-13'),
	(2042, 5, 5, 3, '2020-02-13'),
	(2043, 6, 6, 3, '2020-02-13'),
	(2044, 7, 7, 4, '2020-02-13'),
	(2045, 1, 8, 4, '2020-02-13'),
	(2046, 2, 9, 5, '2020-02-13'),
	(2047, 3, 1, 5, '2020-02-13'),
	(2048, 4, 2, 6, '2020-02-13'),
	(2049, 5, 3, 6, '2020-02-13'),
	(2050, 6, 4, 7, '2020-02-13'),
	(2051, 7, 5, 7, '2020-02-13'),
	(2052, 1, 6, 8, '2020-02-13'),
	(2053, 2, 7, 8, '2020-02-13'),
	(2054, 5, 1, 10, '2020-02-13'),
	(2055, 6, 2, 10, '2020-02-13'),
	(2056, 7, 3, 11, '2020-02-13'),
	(2057, 1, 4, 11, '2020-02-13'),
	(2058, 2, 5, 12, '2020-02-13'),
	(2059, 3, 6, 12, '2020-02-13'),
	(2060, 4, 7, 13, '2020-02-13'),
	(2061, 5, 8, 13, '2020-02-13'),
	(2062, 6, 9, 14, '2020-02-13'),
	(2063, 7, 1, 14, '2020-02-13'),
	(2064, 3, 4, 16, '2020-02-13'),
	(2065, 4, 5, 16, '2020-02-13'),
	(2066, 1, 1, 1, '2020-02-14'),
	(2067, 2, 2, 1, '2020-02-14'),
	(2068, 3, 3, 2, '2020-02-14'),
	(2069, 4, 4, 2, '2020-02-14'),
	(2070, 5, 5, 3, '2020-02-14'),
	(2071, 6, 6, 3, '2020-02-14'),
	(2072, 7, 7, 4, '2020-02-14'),
	(2073, 1, 8, 4, '2020-02-14'),
	(2074, 2, 9, 5, '2020-02-14'),
	(2075, 3, 1, 5, '2020-02-14'),
	(2076, 4, 2, 6, '2020-02-14'),
	(2077, 5, 3, 6, '2020-02-14'),
	(2078, 6, 4, 7, '2020-02-14'),
	(2079, 7, 5, 7, '2020-02-14'),
	(2080, 1, 6, 8, '2020-02-14'),
	(2081, 2, 7, 8, '2020-02-14'),
	(2082, 5, 1, 10, '2020-02-14'),
	(2083, 6, 2, 10, '2020-02-14'),
	(2084, 7, 3, 11, '2020-02-14'),
	(2085, 1, 4, 11, '2020-02-14'),
	(2086, 2, 5, 12, '2020-02-14'),
	(2087, 3, 6, 12, '2020-02-14'),
	(2088, 4, 7, 13, '2020-02-14'),
	(2089, 5, 8, 13, '2020-02-14'),
	(2090, 6, 9, 14, '2020-02-14'),
	(2091, 7, 1, 14, '2020-02-14'),
	(2092, 3, 4, 16, '2020-02-14'),
	(2093, 4, 5, 16, '2020-02-14'),
	(2094, 1, 1, 1, '2020-02-15'),
	(2095, 2, 2, 1, '2020-02-15'),
	(2096, 3, 3, 2, '2020-02-15'),
	(2097, 4, 4, 2, '2020-02-15'),
	(2098, 5, 5, 3, '2020-02-15'),
	(2099, 6, 6, 3, '2020-02-15'),
	(2100, 7, 7, 4, '2020-02-15'),
	(2101, 1, 8, 4, '2020-02-15'),
	(2102, 2, 9, 5, '2020-02-15'),
	(2103, 3, 1, 5, '2020-02-15'),
	(2104, 4, 2, 6, '2020-02-15'),
	(2105, 5, 3, 6, '2020-02-15'),
	(2106, 6, 4, 7, '2020-02-15'),
	(2107, 7, 5, 7, '2020-02-15'),
	(2108, 1, 6, 8, '2020-02-15'),
	(2109, 2, 7, 8, '2020-02-15'),
	(2110, 5, 1, 10, '2020-02-15'),
	(2111, 6, 2, 10, '2020-02-15'),
	(2112, 7, 3, 11, '2020-02-15'),
	(2113, 1, 4, 11, '2020-02-15'),
	(2114, 2, 5, 12, '2020-02-15'),
	(2115, 3, 6, 12, '2020-02-15'),
	(2116, 4, 7, 13, '2020-02-15'),
	(2117, 5, 8, 13, '2020-02-15'),
	(2118, 6, 9, 14, '2020-02-15'),
	(2119, 7, 1, 14, '2020-02-15'),
	(2120, 3, 4, 16, '2020-02-15'),
	(2121, 4, 5, 16, '2020-02-15'),
	(2122, 1, 1, 1, '2020-02-16'),
	(2123, 2, 2, 1, '2020-02-16'),
	(2124, 3, 3, 2, '2020-02-16'),
	(2125, 4, 4, 2, '2020-02-16'),
	(2126, 5, 5, 3, '2020-02-16'),
	(2127, 6, 6, 3, '2020-02-16'),
	(2128, 7, 7, 4, '2020-02-16'),
	(2129, 1, 8, 4, '2020-02-16'),
	(2130, 2, 9, 5, '2020-02-16'),
	(2131, 3, 1, 5, '2020-02-16'),
	(2132, 4, 2, 6, '2020-02-16'),
	(2133, 5, 3, 6, '2020-02-16'),
	(2134, 6, 4, 7, '2020-02-16'),
	(2135, 7, 5, 7, '2020-02-16'),
	(2136, 1, 6, 8, '2020-02-16'),
	(2137, 2, 7, 8, '2020-02-16'),
	(2138, 5, 1, 10, '2020-02-16'),
	(2139, 6, 2, 10, '2020-02-16'),
	(2140, 7, 3, 11, '2020-02-16'),
	(2141, 1, 4, 11, '2020-02-16'),
	(2142, 2, 5, 12, '2020-02-16'),
	(2143, 3, 6, 12, '2020-02-16'),
	(2144, 4, 7, 13, '2020-02-16'),
	(2145, 5, 8, 13, '2020-02-16'),
	(2146, 6, 9, 14, '2020-02-16'),
	(2147, 7, 1, 14, '2020-02-16'),
	(2148, 3, 4, 16, '2020-02-16'),
	(2149, 4, 5, 16, '2020-02-16'),
	(2150, 1, 1, 1, '2020-02-17'),
	(2151, 2, 2, 1, '2020-02-17'),
	(2152, 3, 3, 2, '2020-02-17'),
	(2153, 4, 4, 2, '2020-02-17'),
	(2154, 5, 5, 3, '2020-02-17'),
	(2155, 6, 6, 3, '2020-02-17'),
	(2156, 7, 7, 4, '2020-02-17'),
	(2157, 1, 8, 4, '2020-02-17'),
	(2158, 2, 9, 5, '2020-02-17'),
	(2159, 3, 1, 5, '2020-02-17'),
	(2160, 4, 2, 6, '2020-02-17'),
	(2161, 5, 3, 6, '2020-02-17'),
	(2162, 6, 4, 7, '2020-02-17'),
	(2163, 7, 5, 7, '2020-02-17'),
	(2164, 1, 6, 8, '2020-02-17'),
	(2165, 2, 7, 8, '2020-02-17'),
	(2166, 5, 1, 10, '2020-02-17'),
	(2167, 6, 2, 10, '2020-02-17'),
	(2168, 7, 3, 11, '2020-02-17'),
	(2169, 1, 4, 11, '2020-02-17'),
	(2170, 2, 5, 12, '2020-02-17'),
	(2171, 3, 6, 12, '2020-02-17'),
	(2172, 4, 7, 13, '2020-02-17'),
	(2173, 5, 8, 13, '2020-02-17'),
	(2174, 6, 9, 14, '2020-02-17'),
	(2175, 7, 1, 14, '2020-02-17'),
	(2176, 3, 4, 16, '2020-02-17'),
	(2177, 4, 5, 16, '2020-02-17'),
	(2178, 1, 1, 1, '2020-02-18'),
	(2179, 2, 2, 1, '2020-02-18'),
	(2180, 3, 3, 2, '2020-02-18'),
	(2181, 4, 4, 2, '2020-02-18'),
	(2182, 5, 5, 3, '2020-02-18'),
	(2183, 6, 6, 3, '2020-02-18'),
	(2184, 7, 7, 4, '2020-02-18'),
	(2185, 1, 8, 4, '2020-02-18'),
	(2186, 2, 9, 5, '2020-02-18'),
	(2187, 3, 1, 5, '2020-02-18'),
	(2188, 4, 2, 6, '2020-02-18'),
	(2189, 5, 3, 6, '2020-02-18'),
	(2190, 6, 4, 7, '2020-02-18'),
	(2191, 7, 5, 7, '2020-02-18'),
	(2192, 1, 6, 8, '2020-02-18'),
	(2193, 2, 7, 8, '2020-02-18'),
	(2194, 5, 1, 10, '2020-02-18'),
	(2195, 6, 2, 10, '2020-02-18'),
	(2196, 7, 3, 11, '2020-02-18'),
	(2197, 1, 4, 11, '2020-02-18'),
	(2198, 2, 5, 12, '2020-02-18'),
	(2199, 3, 6, 12, '2020-02-18'),
	(2200, 4, 7, 13, '2020-02-18'),
	(2201, 5, 8, 13, '2020-02-18'),
	(2202, 6, 9, 14, '2020-02-18'),
	(2203, 7, 1, 14, '2020-02-18'),
	(2204, 3, 4, 16, '2020-02-18'),
	(2205, 4, 5, 16, '2020-02-18'),
	(2206, 1, 1, 1, '2020-02-19'),
	(2207, 2, 2, 1, '2020-02-19'),
	(2208, 3, 3, 2, '2020-02-19'),
	(2209, 4, 4, 2, '2020-02-19'),
	(2210, 5, 5, 3, '2020-02-19'),
	(2211, 6, 6, 3, '2020-02-19'),
	(2212, 7, 7, 4, '2020-02-19'),
	(2213, 1, 8, 4, '2020-02-19'),
	(2214, 2, 9, 5, '2020-02-19'),
	(2215, 3, 1, 5, '2020-02-19'),
	(2216, 4, 2, 6, '2020-02-19'),
	(2217, 5, 3, 6, '2020-02-19'),
	(2218, 6, 4, 7, '2020-02-19'),
	(2219, 7, 5, 7, '2020-02-19'),
	(2220, 1, 6, 8, '2020-02-19'),
	(2221, 2, 7, 8, '2020-02-19'),
	(2222, 5, 1, 10, '2020-02-19'),
	(2223, 6, 2, 10, '2020-02-19'),
	(2224, 7, 3, 11, '2020-02-19'),
	(2225, 1, 4, 11, '2020-02-19'),
	(2226, 2, 5, 12, '2020-02-19'),
	(2227, 3, 6, 12, '2020-02-19'),
	(2228, 4, 7, 13, '2020-02-19'),
	(2229, 5, 8, 13, '2020-02-19'),
	(2230, 6, 9, 14, '2020-02-19'),
	(2231, 7, 1, 14, '2020-02-19'),
	(2232, 3, 4, 16, '2020-02-19'),
	(2233, 4, 5, 16, '2020-02-19'),
	(2234, 1, 1, 1, '2020-02-20'),
	(2235, 2, 2, 1, '2020-02-20'),
	(2236, 3, 3, 2, '2020-02-20'),
	(2237, 4, 4, 2, '2020-02-20'),
	(2238, 5, 5, 3, '2020-02-20'),
	(2239, 6, 6, 3, '2020-02-20'),
	(2240, 7, 7, 4, '2020-02-20'),
	(2241, 1, 8, 4, '2020-02-20'),
	(2242, 2, 9, 5, '2020-02-20'),
	(2243, 3, 1, 5, '2020-02-20'),
	(2244, 4, 2, 6, '2020-02-20'),
	(2245, 5, 3, 6, '2020-02-20'),
	(2246, 6, 4, 7, '2020-02-20'),
	(2247, 7, 5, 7, '2020-02-20'),
	(2248, 1, 6, 8, '2020-02-20'),
	(2249, 2, 7, 8, '2020-02-20'),
	(2250, 5, 1, 10, '2020-02-20'),
	(2251, 6, 2, 10, '2020-02-20'),
	(2252, 7, 3, 11, '2020-02-20'),
	(2253, 1, 4, 11, '2020-02-20'),
	(2254, 2, 5, 12, '2020-02-20'),
	(2255, 3, 6, 12, '2020-02-20'),
	(2256, 4, 7, 13, '2020-02-20'),
	(2257, 5, 8, 13, '2020-02-20'),
	(2258, 6, 9, 14, '2020-02-20'),
	(2259, 7, 1, 14, '2020-02-20'),
	(2260, 3, 4, 16, '2020-02-20'),
	(2261, 4, 5, 16, '2020-02-20'),
	(2262, 1, 1, 1, '2020-02-21'),
	(2263, 2, 2, 1, '2020-02-21'),
	(2264, 3, 3, 2, '2020-02-21'),
	(2265, 4, 4, 2, '2020-02-21'),
	(2266, 5, 5, 3, '2020-02-21'),
	(2267, 6, 6, 3, '2020-02-21'),
	(2268, 7, 7, 4, '2020-02-21'),
	(2269, 1, 8, 4, '2020-02-21'),
	(2270, 2, 9, 5, '2020-02-21'),
	(2271, 3, 1, 5, '2020-02-21'),
	(2272, 4, 2, 6, '2020-02-21'),
	(2273, 5, 3, 6, '2020-02-21'),
	(2274, 6, 4, 7, '2020-02-21'),
	(2275, 7, 5, 7, '2020-02-21'),
	(2276, 1, 6, 8, '2020-02-21'),
	(2277, 2, 7, 8, '2020-02-21'),
	(2278, 5, 1, 10, '2020-02-21'),
	(2279, 6, 2, 10, '2020-02-21'),
	(2280, 7, 3, 11, '2020-02-21'),
	(2281, 1, 4, 11, '2020-02-21'),
	(2282, 2, 5, 12, '2020-02-21'),
	(2283, 3, 6, 12, '2020-02-21'),
	(2284, 4, 7, 13, '2020-02-21'),
	(2285, 5, 8, 13, '2020-02-21'),
	(2286, 6, 9, 14, '2020-02-21'),
	(2287, 7, 1, 14, '2020-02-21'),
	(2288, 3, 4, 16, '2020-02-21'),
	(2289, 4, 5, 16, '2020-02-21'),
	(2290, 1, 1, 1, '2020-02-22'),
	(2291, 2, 2, 1, '2020-02-22'),
	(2292, 3, 3, 2, '2020-02-22'),
	(2293, 4, 4, 2, '2020-02-22'),
	(2294, 5, 5, 3, '2020-02-22'),
	(2295, 6, 6, 3, '2020-02-22'),
	(2296, 7, 7, 4, '2020-02-22'),
	(2297, 1, 8, 4, '2020-02-22'),
	(2298, 2, 9, 5, '2020-02-22'),
	(2299, 3, 1, 5, '2020-02-22'),
	(2300, 4, 2, 6, '2020-02-22'),
	(2301, 5, 3, 6, '2020-02-22'),
	(2302, 6, 4, 7, '2020-02-22'),
	(2303, 7, 5, 7, '2020-02-22'),
	(2304, 1, 6, 8, '2020-02-22'),
	(2305, 2, 7, 8, '2020-02-22'),
	(2306, 5, 1, 10, '2020-02-22'),
	(2307, 6, 2, 10, '2020-02-22'),
	(2308, 7, 3, 11, '2020-02-22'),
	(2309, 1, 4, 11, '2020-02-22'),
	(2310, 2, 5, 12, '2020-02-22'),
	(2311, 3, 6, 12, '2020-02-22'),
	(2312, 4, 7, 13, '2020-02-22'),
	(2313, 5, 8, 13, '2020-02-22'),
	(2314, 6, 9, 14, '2020-02-22'),
	(2315, 7, 1, 14, '2020-02-22'),
	(2316, 3, 4, 16, '2020-02-22'),
	(2317, 4, 5, 16, '2020-02-22'),
	(2318, 1, 1, 1, '2020-02-23'),
	(2319, 2, 2, 1, '2020-02-23'),
	(2320, 3, 3, 2, '2020-02-23'),
	(2321, 4, 4, 2, '2020-02-23'),
	(2322, 5, 5, 3, '2020-02-23'),
	(2323, 6, 6, 3, '2020-02-23'),
	(2324, 7, 7, 4, '2020-02-23'),
	(2325, 1, 8, 4, '2020-02-23'),
	(2326, 2, 9, 5, '2020-02-23'),
	(2327, 3, 1, 5, '2020-02-23'),
	(2328, 4, 2, 6, '2020-02-23'),
	(2329, 5, 3, 6, '2020-02-23'),
	(2330, 6, 4, 7, '2020-02-23'),
	(2331, 7, 5, 7, '2020-02-23'),
	(2332, 1, 6, 8, '2020-02-23'),
	(2333, 2, 7, 8, '2020-02-23'),
	(2334, 5, 1, 10, '2020-02-23'),
	(2335, 6, 2, 10, '2020-02-23'),
	(2336, 7, 3, 11, '2020-02-23'),
	(2337, 1, 4, 11, '2020-02-23'),
	(2338, 2, 5, 12, '2020-02-23'),
	(2339, 3, 6, 12, '2020-02-23'),
	(2340, 4, 7, 13, '2020-02-23'),
	(2341, 5, 8, 13, '2020-02-23'),
	(2342, 6, 9, 14, '2020-02-23'),
	(2343, 7, 1, 14, '2020-02-23'),
	(2344, 3, 4, 16, '2020-02-23'),
	(2345, 4, 5, 16, '2020-02-23'),
	(2346, 1, 1, 1, '2020-02-24'),
	(2347, 2, 2, 1, '2020-02-24'),
	(2348, 3, 3, 2, '2020-02-24'),
	(2349, 4, 4, 2, '2020-02-24'),
	(2350, 5, 5, 3, '2020-02-24'),
	(2351, 6, 6, 3, '2020-02-24'),
	(2352, 7, 7, 4, '2020-02-24'),
	(2353, 1, 8, 4, '2020-02-24'),
	(2354, 2, 9, 5, '2020-02-24'),
	(2355, 3, 1, 5, '2020-02-24'),
	(2356, 4, 2, 6, '2020-02-24'),
	(2357, 5, 3, 6, '2020-02-24'),
	(2358, 6, 4, 7, '2020-02-24'),
	(2359, 7, 5, 7, '2020-02-24'),
	(2360, 1, 6, 8, '2020-02-24'),
	(2361, 2, 7, 8, '2020-02-24'),
	(2362, 5, 1, 10, '2020-02-24'),
	(2363, 6, 2, 10, '2020-02-24'),
	(2364, 7, 3, 11, '2020-02-24'),
	(2365, 1, 4, 11, '2020-02-24'),
	(2366, 2, 5, 12, '2020-02-24'),
	(2367, 3, 6, 12, '2020-02-24'),
	(2368, 4, 7, 13, '2020-02-24'),
	(2369, 5, 8, 13, '2020-02-24'),
	(2370, 6, 9, 14, '2020-02-24'),
	(2371, 7, 1, 14, '2020-02-24'),
	(2372, 3, 4, 16, '2020-02-24'),
	(2373, 4, 5, 16, '2020-02-24'),
	(2374, 1, 1, 1, '2020-02-25'),
	(2375, 2, 2, 1, '2020-02-25'),
	(2376, 3, 3, 2, '2020-02-25'),
	(2377, 4, 4, 2, '2020-02-25'),
	(2378, 5, 5, 3, '2020-02-25'),
	(2379, 6, 6, 3, '2020-02-25'),
	(2380, 7, 7, 4, '2020-02-25'),
	(2381, 1, 8, 4, '2020-02-25'),
	(2382, 2, 9, 5, '2020-02-25'),
	(2383, 3, 1, 5, '2020-02-25'),
	(2384, 4, 2, 6, '2020-02-25'),
	(2385, 5, 3, 6, '2020-02-25'),
	(2386, 6, 4, 7, '2020-02-25'),
	(2387, 7, 5, 7, '2020-02-25'),
	(2388, 1, 6, 8, '2020-02-25'),
	(2389, 2, 7, 8, '2020-02-25'),
	(2390, 5, 1, 10, '2020-02-25'),
	(2391, 6, 2, 10, '2020-02-25'),
	(2392, 7, 3, 11, '2020-02-25'),
	(2393, 1, 4, 11, '2020-02-25'),
	(2394, 2, 5, 12, '2020-02-25'),
	(2395, 3, 6, 12, '2020-02-25'),
	(2396, 4, 7, 13, '2020-02-25'),
	(2397, 5, 8, 13, '2020-02-25'),
	(2398, 6, 9, 14, '2020-02-25'),
	(2399, 7, 1, 14, '2020-02-25'),
	(2400, 3, 4, 16, '2020-02-25'),
	(2401, 4, 5, 16, '2020-02-25'),
	(2402, 1, 1, 1, '2020-02-26'),
	(2403, 2, 2, 1, '2020-02-26'),
	(2404, 3, 3, 2, '2020-02-26'),
	(2405, 4, 4, 2, '2020-02-26'),
	(2406, 5, 5, 3, '2020-02-26'),
	(2407, 6, 6, 3, '2020-02-26'),
	(2408, 7, 7, 4, '2020-02-26'),
	(2409, 1, 8, 4, '2020-02-26'),
	(2410, 2, 9, 5, '2020-02-26'),
	(2411, 3, 1, 5, '2020-02-26'),
	(2412, 4, 2, 6, '2020-02-26'),
	(2413, 5, 3, 6, '2020-02-26'),
	(2414, 6, 4, 7, '2020-02-26'),
	(2415, 7, 5, 7, '2020-02-26'),
	(2416, 1, 6, 8, '2020-02-26'),
	(2417, 2, 7, 8, '2020-02-26'),
	(2418, 5, 1, 10, '2020-02-26'),
	(2419, 6, 2, 10, '2020-02-26'),
	(2420, 7, 3, 11, '2020-02-26'),
	(2421, 1, 4, 11, '2020-02-26'),
	(2422, 2, 5, 12, '2020-02-26'),
	(2423, 3, 6, 12, '2020-02-26'),
	(2424, 4, 7, 13, '2020-02-26'),
	(2425, 5, 8, 13, '2020-02-26'),
	(2426, 6, 9, 14, '2020-02-26'),
	(2427, 7, 1, 14, '2020-02-26'),
	(2428, 3, 4, 16, '2020-02-26'),
	(2429, 4, 5, 16, '2020-02-26'),
	(2430, 1, 1, 1, '2020-02-27'),
	(2431, 2, 2, 1, '2020-02-27'),
	(2432, 3, 3, 2, '2020-02-27'),
	(2433, 4, 4, 2, '2020-02-27'),
	(2434, 5, 5, 3, '2020-02-27'),
	(2435, 6, 6, 3, '2020-02-27'),
	(2436, 7, 7, 4, '2020-02-27'),
	(2437, 1, 8, 4, '2020-02-27'),
	(2438, 2, 9, 5, '2020-02-27'),
	(2439, 3, 1, 5, '2020-02-27'),
	(2440, 4, 2, 6, '2020-02-27'),
	(2441, 5, 3, 6, '2020-02-27'),
	(2442, 6, 4, 7, '2020-02-27'),
	(2443, 7, 5, 7, '2020-02-27'),
	(2444, 1, 6, 8, '2020-02-27'),
	(2445, 2, 7, 8, '2020-02-27'),
	(2446, 5, 1, 10, '2020-02-27'),
	(2447, 6, 2, 10, '2020-02-27'),
	(2448, 7, 3, 11, '2020-02-27'),
	(2449, 1, 4, 11, '2020-02-27'),
	(2450, 2, 5, 12, '2020-02-27'),
	(2451, 3, 6, 12, '2020-02-27'),
	(2452, 4, 7, 13, '2020-02-27'),
	(2453, 5, 8, 13, '2020-02-27'),
	(2454, 6, 9, 14, '2020-02-27'),
	(2455, 7, 1, 14, '2020-02-27'),
	(2456, 3, 4, 16, '2020-02-27'),
	(2457, 4, 5, 16, '2020-02-27'),
	(2458, 1, 1, 1, '2020-02-28'),
	(2459, 2, 2, 1, '2020-02-28'),
	(2460, 3, 3, 2, '2020-02-28'),
	(2461, 4, 4, 2, '2020-02-28'),
	(2462, 5, 5, 3, '2020-02-28'),
	(2463, 6, 6, 3, '2020-02-28'),
	(2464, 7, 7, 4, '2020-02-28'),
	(2465, 1, 8, 4, '2020-02-28'),
	(2466, 2, 9, 5, '2020-02-28'),
	(2467, 3, 1, 5, '2020-02-28'),
	(2468, 4, 2, 6, '2020-02-28'),
	(2469, 5, 3, 6, '2020-02-28'),
	(2470, 6, 4, 7, '2020-02-28'),
	(2471, 7, 5, 7, '2020-02-28'),
	(2472, 1, 6, 8, '2020-02-28'),
	(2473, 2, 7, 8, '2020-02-28'),
	(2474, 5, 1, 10, '2020-02-28'),
	(2475, 6, 2, 10, '2020-02-28'),
	(2476, 7, 3, 11, '2020-02-28'),
	(2477, 1, 4, 11, '2020-02-28'),
	(2478, 2, 5, 12, '2020-02-28'),
	(2479, 3, 6, 12, '2020-02-28'),
	(2480, 4, 7, 13, '2020-02-28'),
	(2481, 5, 8, 13, '2020-02-28'),
	(2482, 6, 9, 14, '2020-02-28'),
	(2483, 7, 1, 14, '2020-02-28'),
	(2484, 3, 4, 16, '2020-02-28'),
	(2485, 4, 5, 16, '2020-02-28'),
	(2486, 1, 1, 1, '2020-02-29'),
	(2487, 2, 2, 1, '2020-02-29'),
	(2488, 3, 3, 2, '2020-02-29'),
	(2489, 4, 4, 2, '2020-02-29'),
	(2490, 5, 5, 3, '2020-02-29'),
	(2491, 6, 6, 3, '2020-02-29'),
	(2492, 7, 7, 4, '2020-02-29'),
	(2493, 1, 8, 4, '2020-02-29'),
	(2494, 2, 9, 5, '2020-02-29'),
	(2495, 3, 1, 5, '2020-02-29'),
	(2496, 4, 2, 6, '2020-02-29'),
	(2497, 5, 3, 6, '2020-02-29'),
	(2498, 6, 4, 7, '2020-02-29'),
	(2499, 7, 5, 7, '2020-02-29'),
	(2500, 1, 6, 8, '2020-02-29'),
	(2501, 2, 7, 8, '2020-02-29'),
	(2502, 5, 1, 10, '2020-02-29'),
	(2503, 6, 2, 10, '2020-02-29'),
	(2504, 7, 3, 11, '2020-02-29'),
	(2505, 1, 4, 11, '2020-02-29'),
	(2506, 2, 5, 12, '2020-02-29'),
	(2507, 3, 6, 12, '2020-02-29'),
	(2508, 4, 7, 13, '2020-02-29'),
	(2509, 5, 8, 13, '2020-02-29'),
	(2510, 6, 9, 14, '2020-02-29'),
	(2511, 7, 1, 14, '2020-02-29'),
	(2512, 3, 4, 16, '2020-02-29'),
	(2513, 4, 5, 16, '2020-02-29');
/*!40000 ALTER TABLE `tayangan` ENABLE KEYS */;

-- Dumping structure for table tempah_tiket_wayang.tempahan
CREATE TABLE IF NOT EXISTS `tempahan` (
  `id_tempahan` int(9) NOT NULL AUTO_INCREMENT,
  `nokp_pelanggan` varchar(12) DEFAULT NULL,
  `id_tayangan` int(9) DEFAULT NULL,
  `no_seat` varchar(5) DEFAULT NULL,
  `bayaran` double(4,2) DEFAULT NULL,
  PRIMARY KEY (`id_tempahan`),
  KEY `FK_tempahan_pelanggan` (`nokp_pelanggan`),
  KEY `FK_tempahan_tayangan` (`id_tayangan`),
  CONSTRAINT `FK_tempahan_pelanggan` FOREIGN KEY (`nokp_pelanggan`) REFERENCES `pelanggan` (`nokp_pelanggan`) ON DELETE CASCADE ON UPDATE CASCADE,
  CONSTRAINT `FK_tempahan_tayangan` FOREIGN KEY (`id_tayangan`) REFERENCES `tayangan` (`id_tayangan`) ON DELETE CASCADE ON UPDATE CASCADE
) ENGINE=InnoDB AUTO_INCREMENT=60 DEFAULT CHARSET=latin1;

-- Dumping data for table tempah_tiket_wayang.tempahan: ~49 rows (approximately)
/*!40000 ALTER TABLE `tempahan` DISABLE KEYS */;
INSERT INTO `tempahan` (`id_tempahan`, `nokp_pelanggan`, `id_tayangan`, `no_seat`, `bayaran`) VALUES
	(1, '123', 7, 'J20', 15.00),
	(2, '123', 7, 'J21', 15.00),
	(3, '123', 7, 'J22', 10.00),
	(4, '123', 7, 'J23', 10.00),
	(5, '123', 7, 'A10', 15.00),
	(6, '123', 7, 'B9', 15.00),
	(7, '123', 7, 'B11', 15.00),
	(8, '123', 7, 'C8', 15.00),
	(9, '123', 7, 'C12', 15.00),
	(10, '123', 7, 'D7', 15.00),
	(11, '123', 7, 'D13', 15.00),
	(12, '123', 7, 'E6', 15.00),
	(13, '123', 7, 'E14', 15.00),
	(14, '123', 7, 'F5', 15.00),
	(15, '123', 7, 'F15', 15.00),
	(16, '123', 7, 'G16', 15.00),
	(17, '123', 7, 'H17', 15.00),
	(18, '123', 7, 'I4', 15.00),
	(19, '123', 7, 'I18', 15.00),
	(20, '123', 7, 'J3', 15.00),
	(21, '123', 7, 'J4', 15.00),
	(22, '123', 7, 'J5', 10.00),
	(23, '123', 7, 'J6', 10.00),
	(24, '123', 7, 'J7', 10.00),
	(25, '123', 7, 'J8', 10.00),
	(26, '123', 7, 'J9', 10.00),
	(27, '123', 7, 'J10', 10.00),
	(28, '123', 7, 'J11', 10.00),
	(29, '123', 7, 'J12', 10.00),
	(30, '123', 7, 'J13', 10.00),
	(31, '123', 7, 'J14', 10.00),
	(32, '123', 7, 'J15', 10.00),
	(33, '123', 7, 'J16', 10.00),
	(34, '123', 7, 'J17', 10.00),
	(35, '123', 7, 'J18', 10.00),
	(36, '123', 7, 'J19', 10.00),
	(37, '123', 5, 'J17', 15.00),
	(38, '123', 5, 'J18', 15.00),
	(39, '123', 5, 'J19', 10.00),
	(40, '123', 6, 'A1', 15.00),
	(41, '123', 6, 'A2', 15.00),
	(42, '123', 6, 'A3', 15.00),
	(43, '123', 6, 'A4', 15.00),
	(44, '123', 6, 'G5', 15.00),
	(45, '123', 6, 'G6', 15.00),
	(46, '123', 6, 'G7', 15.00),
	(47, '123', 6, 'G8', 15.00),
	(48, '123', 7, 'I17', 15.00),
	(49, '123', 7, 'I19', 15.00),
	(50, '123', 16, 'J5', 15.00),
	(51, '123', 16, 'J6', 15.00),
	(52, '123', 22, 'A5', 15.00),
	(53, '123', 22, 'A19', 10.00),
	(54, '123', 19, 'A1', 10.00),
	(55, '123', 18, 'A1', 15.00),
	(56, '123', 8, 'A1', 15.00),
	(57, '123', 8, 'A2', 15.00),
	(58, '123', 8, 'A3', 15.00),
	(59, '123', 8, 'A4', 15.00);
/*!40000 ALTER TABLE `tempahan` ENABLE KEYS */;

/*!40101 SET SQL_MODE=IFNULL(@OLD_SQL_MODE, '') */;
/*!40014 SET FOREIGN_KEY_CHECKS=IF(@OLD_FOREIGN_KEY_CHECKS IS NULL, 1, @OLD_FOREIGN_KEY_CHECKS) */;
/*!40101 SET CHARACTER_SET_CLIENT=@OLD_CHARACTER_SET_CLIENT */;
